frequency_Hz,normalized_amplitude
0.3333333333333333,0.8811481961770018
0.6666666666666666,0.8806037581781868
1.0,0.9122683780506996
1.3333333333333333,1.0
1.6666666666666665,0.6017873785271152
2.0,0.21929627970606844
2.333333333333333,0.17388536690636167
2.6666666666666665,0.12630540014701225
3.0,0.07060114376447198
3.333333333333333,0.10753055962382986
3.6666666666666665,0.1298526945598823
4.0,0.13305560127990138
4.333333333333333,0.13423699549990947
4.666666666666666,0.13422891543991125
5.0,0.11917077882277992
5.333333333333333,0.10109326833139239
5.666666666666666,0.08489162778305645
6.0,0.07108971116667274
6.333333333333333,0.06078753657442041
6.666666666666666,0.057594729362983696
7.0,0.056031796708886396
7.333333333333333,0.06032169793463605
7.666666666666666,0.06427722305218875
8.0,0.06768981016888571
8.333333333333332,0.06691958465520702
8.666666666666666,0.062375618838965516
9.0,0.05574771982070667
9.333333333333332,0.05118518838380504
9.666666666666666,0.04625603498215431
10.0,0.04239826217277039
10.333333333333332,0.039979868222566654
10.666666666666666,0.03829613476024387
11.0,0.03996208921364922
11.333333333333332,0.04468670051661571
11.666666666666666,0.042999043685399536
12.0,0.044092147725191586
12.333333333333332,0.04189587556149237
12.666666666666666,0.039186388245487196
13.0,0.03749809680333659
13.333333333333332,0.033110873590077444
13.666666666666666,0.0328096710830578
14.0,0.030120308274387223
14.333333333333332,0.031082328822831667
14.666666666666666,0.02968391673390947
15.0,0.03173960319135861
15.333333333333332,0.03152945101139871
15.666666666666666,0.031589455931231025
16.0,0.03391461217164066
16.333333333333332,0.030748025324125784
16.666666666666664,0.028797749816721948
17.0,0.02723194529586427
17.333333333333332,0.024667510977981952
17.666666666666664,0.02424506813285
18.0,0.025436113220936637
18.333333333333332,0.025038852154279912
18.666666666666664,0.026135466199013337
19.0,0.02488837211256594
19.333333333333332,0.024668815344246073
19.666666666666664,0.02441921279312814
20.0,0.022454151754556714
20.333333333333332,0.022939236048696212
20.666666666666664,0.022632807777884286
21.0,0.020857477379065167
21.333333333333332,0.022250983432217805
21.666666666666664,0.019387951287560122
22.0,0.020339584924316315
22.333333333333332,0.020853798198489433
22.666666666666664,0.020933161683683647
23.0,0.021354587642876
23.333333333333332,0.021369213779628752
23.666666666666664,0.021032476976954102
24.0,0.018796841911088092
24.333333333333332,0.01710523868326423
24.666666666666664,0.018807374533633084
25.0,0.018893496293810087
25.333333333333332,0.016896124114717373
25.666666666666664,0.016337443265492947
26.0,0.019760714144278862
26.333333333333332,0.01861841673594266
26.666666666666664,0.016646844463333796
27.0,0.01783014355234206
27.333333333333332,0.018107794518149523
27.666666666666664,0.0185892912392027
28.0,0.016770901442000892
28.333333333333332,0.015030327375985439
28.666666666666664,0.01786295651029505
29.0,0.016453333375993747
29.333333333333332,0.015583985275360885
29.666666666666664,0.014655715386188048
30.0,0.016364632684205686
30.333333333333332,0.016232314667041885
30.666666666666664,0.017762483561963967
31.0,0.01813955426255472
31.333333333333332,0.013994491693000844
31.666666666666664,0.013927885713386049
32.0,0.01489567050758087
32.33333333333333,0.015566879602270642
32.666666666666664,0.01535698473061611
33.0,0.01291323383455049
33.33333333333333,0.013846904815376183
33.666666666666664,0.014139649030515187
34.0,0.013696726043363153
34.33333333333333,0.014785528199186585
34.666666666666664,0.015582919410546694
35.0,0.011669230010963337
35.33333333333333,0.013655193423256048
35.666666666666664,0.013803984947190005
36.0,0.012504110823675932
36.33333333333333,0.01249492290984824
36.666666666666664,0.014195506535249133
37.0,0.01165537606379772
37.33333333333333,0.013125733592412482
37.666666666666664,0.01205115329470744
38.0,0.012771360965234922
38.33333333333333,0.01533915946581544
38.666666666666664,0.012649122785697565
39.0,0.012408392812346724
39.33333333333333,0.01151505509095005
39.666666666666664,0.010923841331139652
40.0,0.012684079435328266
40.33333333333333,0.010617669199463197
40.666666666666664,0.012540188937552208
41.0,0.011157502139206221
41.33333333333333,0.011947682969926005
41.666666666666664,0.010023947163293717
42.0,0.011157967999442558
42.33333333333333,0.013653246943598256
42.666666666666664,0.011894333286371865
43.0,0.01231264787501393
43.33333333333333,0.01008487159797395
43.666666666666664,0.011175983949183186
44.0,0.009747195447103786
44.33333333333333,0.010070349619136965
44.666666666666664,0.01163922406566916
45.0,0.010473845148252425
45.33333333333333,0.010559268641425297
45.666666666666664,0.009357977505713776
46.0,0.009365543821446743
46.33333333333333,0.011979470132499082
46.666666666666664,0.011735926454051266
47.0,0.00852456698111095
47.33333333333333,0.010125362877328322
47.666666666666664,0.0100806202262182
48.0,0.012211191414715408
48.33333333333333,0.00843740023017025
48.666666666666664,0.010481758770619532
49.0,0.010649806492274497
49.33333333333333,0.010496229139774008
49.666666666666664,0.009893727954129941
50.0,0.011155301040424637
50.33333333333333,0.01098392157996087
50.666666666666664,0.008246732548617686
51.0,0.00831608951629855
51.33333333333333,0.008902283719074014
51.666666666666664,0.008969895651306941
52.0,0.00865729487186301
52.33333333333333,0.008590432278920191
52.666666666666664,0.007947181890097368
53.0,0.009221036958349377
53.33333333333333,0.007872580236052085
53.666666666666664,0.010216630127499725
54.0,0.008445992418858956
54.33333333333333,0.00801872896865205
54.666666666666664,0.009420344178383066
55.0,0.009196913076006003
55.33333333333333,0.008381124818063678
55.666666666666664,0.008291160632051387
56.0,0.00809112154029372
56.33333333333333,0.009362842107839827
56.666666666666664,0.009372459972445474
57.0,0.008042524881026537
57.33333333333333,0.007725656403326719
57.666666666666664,0.010272476992372553
58.0,0.006408244981131305
58.33333333333333,0.006502232556345821
58.666666666666664,0.008899199004009092
59.0,0.009256052322731217
59.33333333333333,0.006398801235617069
59.666666666666664,0.007751954273294388
60.0,0.008106265834793347
60.33333333333333,0.006293497508107284
60.666666666666664,0.008690369627895251
61.0,0.0074884389100221644
61.33333333333333,0.008013500027288553
61.666666666666664,0.007925969194102166
62.0,0.007595936312129553
62.33333333333333,0.008833837535500154
62.666666666666664,0.004926005719310884
63.0,0.007747284920643287
63.33333333333333,0.0069549453286868205
63.666666666666664,0.006468226005434996
64.0,0.006492266934155079
64.33333333333333,0.0071715852726419995
64.66666666666666,0.008577066258348432
65.0,0.00767692279013115
65.33333333333333,0.0078985711759617
65.66666666666666,0.007553382726166523
66.0,0.008678819576189396
66.33333333333333,0.009787967289253898
66.66666666666666,0.005783688962056006
67.0,0.00732271789227372
67.33333333333333,0.007814206787998343
67.66666666666666,0.006906166344175688
68.0,0.005509053526428541
68.33333333333333,0.005751256014855379
68.66666666666666,0.0076888961840334245
69.0,0.008358700158950816
69.33333333333333,0.006030971597188798
69.66666666666666,0.006932706645128205
70.0,0.007124858789922944
70.33333333333333,0.005937141453982941
70.66666666666666,0.004646659102485255
71.0,0.005930360307611023
71.33333333333333,0.009121306032800784
71.66666666666666,0.0056984431345982805
72.0,0.00795243169380612
72.33333333333333,0.00786727400710774
72.66666666666666,0.006871875219993258
73.0,0.006801614216385815
73.33333333333333,0.0066437047606115514
73.66666666666666,0.006984157557839592
74.0,0.005105372827787281
74.33333333333333,0.005127956805870014
74.66666666666666,0.005897997515002957
75.0,0.0063735145518062355
75.33333333333333,0.004672541602119535
75.66666666666666,0.007001171187412734
76.0,0.004509200081178498
76.33333333333333,0.007252959173310391
76.66666666666666,0.006281847024918656
77.0,0.007204837831915733
77.33333333333333,0.005890377744979357
77.66666666666666,0.007100275742731048
78.0,0.005640470565475938
78.33333333333333,0.00577711876995035
78.66666666666666,0.008397552757671158
79.0,0.0061926807586052054
79.33333333333333,0.005188328718791199
79.66666666666666,0.006503892788544092
80.0,0.004804034126244875
80.33333333333333,0.006268121650401523
80.66666666666666,0.005998377560126242
81.0,0.005832897243893644
81.33333333333333,0.005383056077942017
81.66666666666666,0.006687120454361974
82.0,0.005670125834374801
82.33333333333333,0.006447773197907023
82.66666666666666,0.005743532866258286
83.0,0.007041616684552972
83.33333333333333,0.0043195276052521376
83.66666666666666,0.004309647838270587
84.0,0.007147287025664065
84.33333333333333,0.007559087319835802
84.66666666666666,0.006574481673108814
85.0,0.007198012645654616
85.33333333333333,0.00522731803607102
85.66666666666666,0.00441485935392042
86.0,0.00397803020697882
86.33333333333333,0.0046937442542131355
86.66666666666666,0.008331892673063281
87.0,0.005179303337558131
87.33333333333333,0.007159927925061325
87.66666666666666,0.003928200460803298
88.0,0.0042357681615383894
88.33333333333333,0.005681262395420781
88.66666666666666,0.004563738480117487
89.0,0.0058771491592671905
89.33333333333333,0.006609416414880396
89.66666666666666,0.007083242765752177
90.0,0.0036560300238741364
90.33333333333333,0.0046185655627712496
90.66666666666666,0.004837536139389326
91.0,0.005412226557772901
91.33333333333333,0.005122320063821172
91.66666666666666,0.007165934593911933
92.0,0.0056882399584444925
92.33333333333333,0.0036527742072032716
92.66666666666666,0.006021103975835765
93.0,0.005495510528740324
93.33333333333333,0.007662217324913005
93.66666666666666,0.0039886638685873626
94.0,0.005736273856411842
94.33333333333333,0.005603179483949411
94.66666666666666,0.0059560921522301205
95.0,0.004844283096651399
95.33333333333333,0.0037798061617465824
95.66666666666666,0.004324998799156146
96.0,0.006117356054724081
96.33333333333333,0.003310617610306851
96.66666666666666,0.004380241728439016
97.0,0.003470808158563179
97.33333333333333,0.005829623127959469
97.66666666666666,0.005235563422448143
98.0,0.004323121983711578
98.33333333333333,0.005762514926177096
98.66666666666666,0.005069039344399831
99.0,0.004493768866375189
99.33333333333333,0.003578413701893539
99.66666666666666,0.00422153848511904
100.0,0.007806623162231716
100.33333333333333,0.0036700564062905
100.66666666666666,0.006729961649206272
101.0,0.002190546469879405
101.33333333333333,0.004958952842475516
101.66666666666666,0.004994617166488586
102.0,0.006224968558453147
102.33333333333333,0.0050392931030955
102.66666666666666,0.004549437156405658
103.0,0.006033123603426898
103.33333333333333,0.003288266658100226
103.66666666666666,0.0042139957165661605
104.0,0.0039955184041213865
104.33333333333333,0.0030449142441563537
104.66666666666666,0.0044337928581196775
105.0,0.004875550307537831
105.33333333333333,0.005571195669731085
105.66666666666666,0.005869976315382349
106.0,0.0041665513577945285
106.33333333333333,0.002591164426624823
106.66666666666666,0.006978432773374373
107.0,0.002935742674197879
107.33333333333333,0.005384706940896844
107.66666666666666,0.006448523518138661
108.0,0.0046662044562211565
108.33333333333333,0.004057693915276753
108.66666666666666,0.005819804727932721
109.0,0.006107643871131044
109.33333333333333,0.004505153243040942
109.66666666666666,0.0034292685753026103
110.0,0.0035802358076803286
110.33333333333333,0.003973699865035491
110.66666666666666,0.004464196484354492
111.0,0.004800364351969741
111.33333333333333,0.0034444789857812582
111.66666666666666,0.005182629219467859
112.0,0.002993114170832113
112.33333333333333,0.0028151262495914923
112.66666666666666,0.0056216159788685365
113.0,0.006414656094928372
113.33333333333333,0.006078699610199995
113.66666666666666,0.0024333196269893565
114.0,0.0027998779880647187
114.33333333333333,0.006088501494823979
114.66666666666666,0.0042626792281950454
115.0,0.00523502956250491
115.33333333333333,0.0057266037679751065
115.66666666666666,0.0048201888480097
116.0,0.004574898667827263
116.33333333333333,0.004639723679814827
116.66666666666666,0.005271221912346691
117.0,0.002916201225931887
117.33333333333333,0.0027566019147075753
117.66666666666666,0.004329357002455179
118.0,0.00545866524808273
118.33333333333333,0.0059487434443981045
118.66666666666666,0.002216394256186616
119.0,0.0028368772952606282
119.33333333333333,0.0025585526372903797
119.66666666666666,0.0030848579757257835
120.0,0.005094568672519357
120.33333333333333,0.005318804099320819
120.66666666666666,0.0033000437925063833
121.0,0.004210853964077089
121.33333333333333,0.0032237785744399046
121.66666666666666,0.004891727707249613
122.0,0.003797092407390989
122.33333333333333,0.003528739376830075
122.66666666666666,0.005358018426322229
123.0,0.006989575403622108
123.33333333333333,0.002787248670578615
123.66666666666666,0.0038915658976156164
124.0,0.004647411011686268
124.33333333333333,0.0027052412377263062
124.66666666666666,0.0035550682027453693
125.0,0.0046926540736464155
125.33333333333333,0.004238061849665812
125.66666666666666,0.002132796356123374
126.0,0.00333961627120467
126.33333333333333,0.004388564237824423
126.66666666666666,0.004959050725464106
127.0,0.003423619939062301
127.33333333333333,0.003669983510055665
127.66666666666666,0.003889862559658015
128.0,0.002663148192878912
128.33333333333331,0.004705451077539471
128.66666666666666,0.0049099590520242445
129.0,0.0037377651363201692
129.33333333333331,0.0037115804249181123
129.66666666666666,0.006378182359240749
130.0,0.005799684854412518
130.33333333333331,0.0032523530560657184
130.66666666666666,0.0023736683447861096
131.0,0.004334923445040443
131.33333333333331,0.004102102237728965
131.66666666666666,0.006180286595462353
132.0,0.004483801694012365
132.33333333333331,0.002096208311536181
132.66666666666666,0.0038994304436958996
133.0,0.002540694953097806
133.33333333333331,0.004500990376192113
133.66666666666666,0.005182370981991052
134.0,0.0027300088129461665
134.33333333333331,0.005082511794465833
134.66666666666666,0.0016655090603590907
135.0,0.005385128030650087
135.33333333333331,0.006040484871270762
135.66666666666666,0.0027459441212893494
136.0,0.004701727683485672
136.33333333333331,0.003768561806039875
136.66666666666666,0.00415684859747742
137.0,0.0012676918880204448
137.33333333333331,0.005043045122899941
137.66666666666666,0.0028103843014894397
138.0,0.005096350283704465
138.33333333333331,0.00214542425896904
138.66666666666666,0.004574103933357088
139.0,0.0048168418461653805
139.33333333333331,0.0035213452544083875
139.66666666666666,0.002883390308864844
140.0,0.004938457334832229
140.33333333333331,0.004068836243214606
140.66666666666666,0.004397624885672328
141.0,0.004381652987174928
141.33333333333331,0.0031287252573251193
141.66666666666666,0.0049451286886334
142.0,0.003216907682760022
142.33333333333331,0.003802663424935972
142.66666666666666,0.004322916307941228
143.0,0.0035755909055698973
143.33333333333331,0.0032486930963461654
143.66666666666666,0.004273681366351555
144.0,0.004344860881545017
144.33333333333331,0.0013583067714722915
144.66666666666666,0.005439585352937086
145.0,0.0036742350590765103
145.33333333333331,0.0006387002892732568
145.66666666666666,0.004559930631657796
146.0,0.00217257297282025
146.33333333333331,0.005015904230606106
146.66666666666666,0.002281659125599599
147.0,0.0026526770493861857
147.33333333333331,0.0037655369805741946
147.66666666666666,0.004044681799745192
148.0,0.003393188043507849
148.33333333333331,0.003204678869841764
148.66666666666666,0.0032804485594455897
149.0,0.002887540074751037
149.33333333333331,0.002464867481547475
149.66666666666666,0.003518113421830791
150.0,0.003997295281867052
150.33333333333331,0.002572695464184834
150.66666666666666,0.0036102914353055788
151.0,0.006307798549577224
151.33333333333331,0.0023737638718453443
151.66666666666666,0.0032609936837071155
152.0,0.001076654176613745
152.33333333333331,0.0038895599222462276
152.66666666666666,0.002758791464593058
153.0,0.0027254031934165588
153.33333333333331,0.0024564146917929355
153.66666666666666,0.002756607335744714
154.0,0.004837076573803676
154.33333333333331,0.003363632173956725
154.66666666666666,0.0019596128044223225
155.0,0.0035306601483546603
155.33333333333331,0.003615780384197892
155.66666666666666,0.002853311616111219
156.0,0.0025844874929383645
156.33333333333331,0.0034730101382291156
156.66666666666666,0.0022180326320368894
157.0,0.0027588878022621307
157.33333333333331,0.004176731594700867
157.66666666666666,0.003991791655624138
158.0,0.003930747212386625
158.33333333333331,0.005444296093594279
158.66666666666666,0.0028491921603907232
159.0,0.0018009799526597678
159.33333333333331,0.003018479933074184
159.66666666666666,0.002370921113139103
160.0,0.002626788421398675
160.33333333333331,0.003699750731987953
160.66666666666666,0.002874254811307395
161.0,0.0023644828615594026
161.33333333333331,0.0038400029820134583
161.66666666666666,0.0020278224646359355
162.0,0.004780681249425209
162.33333333333331,0.0020123412836727736
162.66666666666666,0.004390966355131593
163.0,0.001739304033235136
163.33333333333331,0.003003777253904733
163.66666666666666,0.003969292699411037
164.0,0.0025264289881249064
164.33333333333331,0.001400025028566612
164.66666666666666,0.004296172644992673
165.0,0.0033333035212841844
165.33333333333331,0.002996210277850412
165.66666666666666,0.003622003099116866
166.0,0.0021088157058100437
166.33333333333331,0.0014160658147697395
166.66666666666666,0.0023533103603395754
167.0,0.004983913182427387
167.33333333333331,0.003966554970790704
167.66666666666666,0.0026951127411181603
168.0,0.0012223543207711095
168.33333333333331,0.0015805759420531736
168.66666666666666,0.004209438591755755
169.0,0.004148681707623682
169.33333333333331,0.00412241701141357
169.66666666666666,0.003507917986487665
170.0,0.0026170100696017253
170.33333333333331,0.004169535260955819
170.66666666666666,0.002690473575093483
171.0,0.003267372527158569
171.33333333333331,0.0027484376066706315
171.66666666666666,0.005174296678410438
172.0,0.0034037216943618174
172.33333333333331,0.001991734611215511
172.66666666666666,0.0025337296245367645
173.0,0.002929938281613667
173.33333333333331,0.003914074119444564
173.66666666666666,0.0038566796872419994
174.0,0.00289789624645985
174.33333333333331,0.0013008661110150972
174.66666666666666,0.004077376141227218
175.0,0.0041443722730981035
175.33333333333331,0.0016050294411980065
175.66666666666666,0.0035840321835470647
176.0,0.0015754453163176684
176.33333333333331,0.002719663783530517
176.66666666666666,0.00293296250097391
177.0,0.002367675105032742
177.33333333333331,0.0030774624594466955
177.66666666666666,0.002645601976711891
178.0,0.0027549780880357405
178.33333333333331,0.002379697841448101
178.66666666666666,0.0031924557419776077
179.0,0.0013156415909031667
179.33333333333331,0.0036064328699832063
179.66666666666666,0.0007862528520931601
180.0,0.004049466556871419
180.33333333333331,0.0028922750987771103
180.66666666666666,0.003733678325630399
181.0,0.0016272579911023018
181.33333333333331,0.004240072783676538
181.66666666666666,0.002317619039021031
182.0,0.004507581059976677
182.33333333333331,0.003093937911880006
182.66666666666666,0.003067206517467898
183.0,0.0032784092881071552
183.33333333333331,0.00211548079534816
183.66666666666666,0.0026424431504292415
184.0,0.005882998813289304
184.33333333333331,0.0032357842480510144
184.66666666666666,0.001666533869755011
185.0,0.003643055740800041
185.33333333333331,0.003159545592430105
185.66666666666666,0.0014408907733422583
186.0,0.004574241013306392
186.33333333333331,0.001988933455459197
186.66666666666666,0.003051899338117565
187.0,0.004356854771780367
187.33333333333331,0.003777759713831716
187.66666666666666,0.0015359657083570866
188.0,0.0025997921764142756
188.33333333333331,0.0004626684764504294
188.66666666666666,0.0015025617512995036
189.0,0.0035285820116248774
189.33333333333331,0.0024325176332438917
189.66666666666666,0.004026200934751396
190.0,0.003200207015218638
190.33333333333331,0.0016227567229221817
190.66666666666666,0.003123361916478836
191.0,0.003346347683019366
191.33333333333331,0.0026970884460422516
191.66666666666666,0.0034196045968607177
192.0,0.002173848146314057
192.33333333333331,0.0009564891002833175
192.66666666666666,0.002896349684698351
193.0,0.003715501783696822
193.33333333333331,0.0038885858385439664
193.66666666666666,0.002916752774716326
194.0,0.003168770484499613
194.33333333333331,0.0014770680537847922
194.66666666666666,0.004241994528575318
195.0,0.0008595314145499046
195.33333333333331,0.0016757749828915146
195.66666666666666,0.0024298315268455393
196.0,0.002830522493998805
196.33333333333331,0.0024286984655118283
196.66666666666666,0.0031918142750201562
197.0,0.0023907765466596284
197.33333333333331,0.002342107948689579
197.66666666666666,0.0025032548986317006
198.0,0.001847665110520501
198.33333333333331,0.0016477345431680365
198.66666666666666,0.0023626587672562374
199.0,0.004551318705054932
199.33333333333331,0.003469818117355007
199.66666666666666,0.003891317889224299
200.0,0.0018608348125564822
200.33333333333331,0.0017178073539081493
200.66666666666666,0.004762457899312843
201.0,0.002815235297608022
201.33333333333331,0.004035346756474626
201.66666666666666,0.0022486601554878288
202.0,0.002300259275727283
202.33333333333331,0.003488300785184431
202.66666666666666,0.0024584705864756982
203.0,0.0021147841708297095
203.33333333333331,0.0026256258834973386
203.66666666666666,0.002094116916139292
204.0,0.0012705506388557982
204.33333333333331,0.003946089994874364
204.66666666666666,0.002436566328738596
205.0,0.002321852297441289
205.33333333333331,0.003594449285796595
205.66666666666666,0.003165056135449082
206.0,0.0035511765234016116
206.33333333333331,0.002658810070456261
206.66666666666666,0.0035578514776118566
207.0,0.0037991016047405107
207.33333333333331,0.002897136978369166
207.66666666666666,0.0019346811087741958
208.0,0.0026393589659338616
208.33333333333331,0.0038938607140961224
208.66666666666666,0.003433614881923917
209.0,0.004004706284912444
209.33333333333331,0.0024148132126363543
209.66666666666666,0.0028238393643902158
210.0,0.003123055672150759
210.33333333333331,0.0023104388407959226
210.66666666666666,0.003423544638526634
211.0,0.0020909444183762364
211.33333333333331,0.002499501118452542
211.66666666666666,0.002596979057494265
212.0,0.0024643329127378927
212.33333333333331,0.003373128827287494
212.66666666666666,0.005604794236606637
213.0,0.002954227497156573
213.33333333333331,0.0013871471915452756
213.66666666666666,0.004150132022818359
214.0,0.0029432468947903872
214.33333333333331,0.0025579332034284144
214.66666666666666,0.003008447235887722
215.0,7.070163347574853e-05
215.33333333333331,0.0038292012965722025
215.66666666666666,0.004244132187786386
216.0,0.003066685854977945
216.33333333333331,0.0038808947026912626
216.66666666666666,0.0012643313285314605
217.0,0.003376177863262976
217.33333333333331,0.002980662864292242
217.66666666666666,0.0046153283241987565
218.0,0.0036066886492747328
218.33333333333331,0.003612859607372363
218.66666666666666,0.0010252698725014546
219.0,0.0030693074569770446
219.33333333333331,0.0017393295687915564
219.66666666666666,0.0027733108638908644
220.0,0.0027572965705798935
220.33333333333331,0.0016822131341195882
220.66666666666666,0.0038196048060901338
221.0,0.002955101979066273
221.33333333333331,0.002477901400144762
221.66666666666666,0.0027745551198778465
222.0,0.002369475998261864
222.33333333333331,0.0029114016418966813
222.66666666666666,0.001897355178621177
223.0,0.003992557617913609
223.33333333333331,0.0020249246318287937
223.66666666666666,0.0028999146628357606
224.0,0.003987458825101225
224.33333333333331,0.0010767332552117993
224.66666666666666,0.00380844118832779
225.0,0.0020547756934071485
225.33333333333331,0.001681138322769149
225.66666666666666,0.003085018078951486
226.0,0.003301712728918482
226.33333333333331,0.004904391991267247
226.66666666666666,0.004661959998476254
227.0,0.0029190882648031705
227.33333333333331,0.0024785139552038968
227.66666666666666,0.0021423892200508614
228.0,0.003015579778442811
228.33333333333331,0.003078303982994156
228.66666666666666,0.0031044871383729433
229.0,0.003984964144950826
229.33333333333331,0.00395472319122617
229.66666666666666,0.002504899853489016
230.0,0.00360926098937151
230.33333333333331,0.0024740669014088855
230.66666666666666,0.000577277048448878
231.0,0.0032702704527869772
231.33333333333331,0.0036350294282514076
231.66666666666666,0.0019905043074572946
232.0,0.002027433669039346
232.33333333333331,0.0029808715429545693
232.66666666666666,0.001777151476880477
233.0,0.004527036527165949
233.33333333333331,0.0021236562764406566
233.66666666666666,0.0032546252878625074
234.0,0.0022388460632380555
234.33333333333331,0.00021783581527040215
234.66666666666666,0.0025515219669644674
235.0,0.002611023502185555
235.33333333333331,0.0013210190884487643
235.66666666666666,0.0040400601268227926
236.0,0.0024405734530938672
236.33333333333331,0.003053397637235824
236.66666666666666,0.0018212061008013325
237.0,0.003146925140149831
237.33333333333331,0.0028247023146983612
237.66666666666666,0.002940524756715222
238.0,0.0033002524558046714
238.33333333333331,0.0025818345197633112
238.66666666666666,0.0028290981677085345
239.0,0.0015726670129843593
239.33333333333331,0.003184373848053706
239.66666666666666,0.0040568651390316245
240.0,0.0029188015589006805
240.33333333333331,0.0018068674050169867
240.66666666666666,0.0018504175891574095
241.0,0.0016529771213387712
241.33333333333331,0.003581703982183653
241.66666666666666,0.004726340528279556
242.0,0.0025492807584816504
242.33333333333331,0.0027465977933937443
242.66666666666666,0.0030065756298533275
243.0,0.0006461371884639088
243.33333333333331,0.003748829916052634
243.66666666666666,0.0037959216170824184
244.0,0.001311021700151166
244.33333333333331,0.0016112919206314508
244.66666666666666,0.002197103678220601
245.0,0.003578201102046221
245.33333333333331,0.0028974670914020946
245.66666666666666,0.0030632833358242555
246.0,0.0027279208676711424
246.33333333333331,0.002162655475648801
246.66666666666666,0.0033824530629934972
247.0,0.0029591168611349853
247.33333333333331,0.0020754041740078644
247.66666666666666,0.0025198571517639975
248.0,0.002880565208607494
248.33333333333331,0.003025277701232444
248.66666666666666,0.0020663696669073546
249.0,0.002487285668173971
249.33333333333331,0.0036709083370531077
249.66666666666666,0.0011234979622794475
250.0,0.003994210508691113
250.33333333333331,0.0038523331101697404
250.66666666666666,0.0022815354707261806
251.0,0.004083585488674436
251.33333333333331,0.0019875028817514413
251.66666666666666,0.0011332407764844867
252.0,0.00205883076578376
252.33333333333331,0.003150257270454994
252.66666666666666,0.003985883957956234
253.0,0.003107333080686958
253.33333333333331,0.0031362832480539603
253.66666666666666,0.0028197599628175057
254.0,0.0031354714701085106
254.33333333333331,0.001194158154350737
254.66666666666666,0.0024482305624236103
255.0,0.0038305668162084234
255.33333333333331,0.002372690460817002
255.66666666666666,0.0027971150941049874
256.0,0.0026654500114850904
256.3333333333333,0.0037823206258473683
256.66666666666663,0.0006550117443894313
257.0,0.003244049280552962
257.3333333333333,0.0017747541941762759
257.66666666666663,0.0015877479839067226
258.0,0.002147654020470251
258.3333333333333,0.002645447464517559
258.66666666666663,0.0022955621781683808
259.0,0.0035739023248011815
259.3333333333333,0.0019651687338190066
259.66666666666663,0.0034107268983827365
260.0,0.002408882688050113
260.3333333333333,0.0015252381032581236
260.66666666666663,0.0008227758780101874
261.0,0.002857517269324992
261.3333333333333,0.003213834342553819
261.66666666666663,0.0034279986614111765
262.0,0.002058876523455399
262.3333333333333,0.002658053722760593
262.66666666666663,0.0008809288415463084
263.0,0.0018935102123620142
263.3333333333333,0.002778974813577811
263.66666666666663,0.003341293977155778
264.0,0.002074950803826657
264.3333333333333,0.0010966772917429422
264.66666666666663,0.0007401369262617858
265.0,0.0028753637323671853
265.3333333333333,0.003881295158075078
265.66666666666663,0.002670921741388231
266.0,0.0013887839528568021
266.3333333333333,0.0025393158032057618
266.66666666666663,0.003105009839011869
267.0,0.0017997651402972515
267.3333333333333,0.002572456741633608
267.66666666666663,0.0016956993898974914
268.0,0.0024930911044546145
268.3333333333333,0.0020530190648891306
268.66666666666663,0.0010467317095734167
269.0,0.0027712164155870747
269.3333333333333,0.003379526608800967
269.66666666666663,0.002413086350499916
270.0,0.0029696410443174745
270.3333333333333,0.0012353058712982771
270.66666666666663,0.0017088926382416486
271.0,0.0007942213571518807
271.3333333333333,0.0026694996842263215
271.66666666666663,0.0030593236075515096
272.0,0.0020604007821689555
272.3333333333333,0.0024419176267219222
272.66666666666663,0.002281934351979278
273.0,0.002425760337125185
273.3333333333333,0.0021529243043860494
273.66666666666663,0.0018618737749704615
274.0,0.0017988826605212721
274.3333333333333,0.0008766119159861179
274.66666666666663,0.0021193464129210223
275.0,0.0026295077783670367
275.3333333333333,0.001986799687374384
275.66666666666663,0.0020809050230684535
276.0,0.0008053503361541526
276.3333333333333,0.0019743601416373265
276.66666666666663,0.0019404079017876473
277.0,0.0026904527880515015
277.3333333333333,0.00436753855413576
277.66666666666663,0.0027760032281919033
278.0,0.002320008227841932
278.3333333333333,0.0030965442523993303
278.66666666666663,0.0038859621904015914
279.0,0.001798610874626614
279.3333333333333,0.00095625367458069
279.66666666666663,0.0022966635094919027
280.0,0.002488676267570525
280.3333333333333,0.0039040491444401067
280.66666666666663,0.0031524373803161333
281.0,0.0009751216833631574
281.3333333333333,0.0021460885485410507
281.66666666666663,0.000601623424394038
282.0,0.002824065910290164
282.3333333333333,0.003514443222804996
282.66666666666663,0.0031567743753625976
283.0,0.00021390602059754755
283.3333333333333,0.0008326175364496152
283.66666666666663,0.001691211862909981
284.0,0.001286164252582527
284.3333333333333,0.0021188612718675208
284.66666666666663,0.001620014041738244
285.0,0.0026858453645629823
285.3333333333333,0.002936072770986543
285.66666666666663,0.002168969645887069
286.0,0.0021829331244226724
286.3333333333333,0.0011951547923596385
286.66666666666663,0.002186020239758021
287.0,0.0026679998743668935
287.3333333333333,0.0018561592349568494
287.66666666666663,0.0007465841975930445
288.0,0.0016079381219240311
288.3333333333333,0.0014260285080420784
288.66666666666663,0.0017758216333983847
289.0,0.004222921402957837
289.3333333333333,0.0035477208758091824
289.66666666666663,0.0013908528795948528
290.0,0.00202632805326671
290.3333333333333,0.0018868707001857613
290.66666666666663,0.0003192223913365905
291.0,0.002426035948728144
291.3333333333333,0.002520574614709311
291.66666666666663,0.003624237172636452
292.0,0.002627172554028783
292.3333333333333,0.002161720130479513
292.66666666666663,0.0029933507846054194
293.0,0.0015711012903655902
293.3333333333333,0.002700631919510663
293.66666666666663,0.0034677979906512467
294.0,0.0011274466014470081
294.3333333333333,0.0014751771933000657
294.66666666666663,0.003085055152833892
295.0,0.002336011107407994
295.3333333333333,0.0034207789606905763
295.66666666666663,0.00124372760481989
296.0,0.0012686805133780281
296.3333333333333,0.0015736657934246538
296.66666666666663,0.0026542007010865146
297.0,0.0021786187835433485
297.3333333333333,0.0010955387713130031
297.66666666666663,0.0024854309272356653
298.0,0.001652052196791322
298.3333333333333,0.0017626762673982855
298.66666666666663,0.002910500046435804
299.0,0.000697737436648879
299.3333333333333,0.0017079874016406073
299.66666666666663,0.0026230707659408515
300.0,0.0021566235761089573
300.3333333333333,0.0030760459415158765
300.66666666666663,0.0033715006857959026
301.0,0.0019842886467526816
301.3333333333333,0.0013173493842518669
301.66666666666663,0.0037562088604858896
302.0,0.003128025698348284
302.3333333333333,0.002022681042840003
302.66666666666663,0.00146022666575095
303.0,0.002475063788813885
303.3333333333333,0.002048001796511947
303.66666666666663,0.0016709301516661388
304.0,0.0014204207388059875
304.3333333333333,0.0008528440507391082
304.66666666666663,0.0023468154567378107
305.0,0.002575719949702549
305.3333333333333,0.0013941317586457747
305.66666666666663,0.0023721047824799674
306.0,0.0023543955875198865
306.3333333333333,0.0007775147486724837
306.66666666666663,0.0029941980898499213
307.0,0.0023661257284686467
307.3333333333333,0.002777264708587124
307.66666666666663,0.0008648637118994912
308.0,0.003218727764323426
308.3333333333333,0.0006573366237626254
308.66666666666663,0.002403150024080028
309.0,0.002432347668455169
309.3333333333333,0.002823674710246469
309.66666666666663,0.0020233377495628294
310.0,0.003189571874335304
310.3333333333333,0.0016760801828820452
310.66666666666663,0.0016115603932620678
311.0,0.0022121232440575887
311.3333333333333,0.0024467070996796662
311.66666666666663,0.0035946750841603643
312.0,0.002721092069754431
312.3333333333333,0.0019669936350946585
312.66666666666663,0.00425075055037454
313.0,0.0022533099522445868
313.3333333333333,0.0024236888635028628
313.66666666666663,0.0025563408889017762
314.0,0.002213658932227499
314.3333333333333,0.0027483555133268494
314.66666666666663,0.003157593369483198
315.0,0.002399125293237291
315.3333333333333,0.0015637859718726466
315.66666666666663,0.0010752360987806677
316.0,0.0008264608853233333
316.3333333333333,0.0008539636238320481
316.66666666666663,0.0008452658895822794
317.0,0.004687683985706813
317.3333333333333,0.0019069038063144789
317.66666666666663,0.0026630913235526615
318.0,0.0038816428458461165
318.3333333333333,0.0016156814742360585
318.66666666666663,0.001245331358054665
319.0,0.0018706382731782049
319.3333333333333,0.00025612929722836536
319.66666666666663,0.0028472881536922693
320.0,0.003380119070033348
320.3333333333333,0.0010937351972750455
320.66666666666663,0.002392774577006792
321.0,0.0004149816557350486
321.3333333333333,0.003197878930249842
321.66666666666663,0.002435626372650356
322.0,0.004017353710560752
322.3333333333333,0.0007828007934677509
322.66666666666663,0.0010744341551859155
323.0,0.002731495396196345
323.3333333333333,0.002817178431695233
323.66666666666663,0.0027544738580490497
324.0,0.00036598169297645934
324.3333333333333,0.002058537714010326
324.66666666666663,0.0030536808379686164
325.0,0.0019592768216261844
325.3333333333333,0.0021212988291556996
325.66666666666663,0.002464935333716657
326.0,0.001358430410689033
326.3333333333333,0.00200958057260316
326.66666666666663,0.0028347636685297625
327.0,0.001123754543917856
327.3333333333333,0.0011729466631980685
327.66666666666663,0.0023716016540397994
328.0,0.001763517928830533
328.3333333333333,0.0014422929729796916
328.66666666666663,0.0026005700387360313
329.0,0.0016060604682218472
329.3333333333333,0.0018919128203230481
329.66666666666663,0.0013154801734451909
330.0,0.0022150581035010808
330.3333333333333,0.0023395517732315383
330.66666666666663,0.0030658885702126368
331.0,0.0019100735371163368
331.3333333333333,0.0018626886133653391
331.66666666666663,0.0024798731538686752
332.0,0.001383072091625584
332.3333333333333,0.0023271239476938812
332.66666666666663,0.0006675156259844013
333.0,0.0023142436180979393
333.3333333333333,0.001620506346694116
333.66666666666663,0.0010442642992546467
334.0,0.0019554023400794353
334.3333333333333,0.0015643275387362495
334.66666666666663,0.002900954880151316
335.0,0.0002072498493486261
335.3333333333333,0.0009645104690949588
335.66666666666663,0.0014295692241729574
336.0,0.000910480767330134
336.3333333333333,0.0018107956164910314
336.66666666666663,0.0021877906831877904
337.0,0.002717780934222995
337.3333333333333,0.001965929111726204
337.66666666666663,0.0016813177975686015
338.0,0.0014560363457101514
338.3333333333333,0.003863151386613313
338.66666666666663,0.0011780022038808896
339.0,0.0020452499208797282
339.3333333333333,0.0014954268338464968
339.66666666666663,0.003043062113398146
340.0,0.0027066262150292958
340.3333333333333,0.003273111281150891
340.66666666666663,0.002382771521854351
341.0,0.0032921090413019455
341.3333333333333,0.0005923824677304136
341.66666666666663,0.001483747390168627
342.0,0.0020193521617878495
342.3333333333333,0.0022780627320938105
342.66666666666663,0.0013667008523956263
343.0,0.0020612089126418563
343.3333333333333,0.00023463586085711212
343.66666666666663,0.000364970993964942
344.0,0.004200805754679173
344.3333333333333,0.0028594068819973255
344.66666666666663,0.0009853789091622863
345.0,0.0025457254848933954
345.3333333333333,0.0017427288968784385
345.66666666666663,0.0012284266221106292
346.0,0.0016031660829216876
346.3333333333333,0.0010250873556300634
346.66666666666663,0.0032625163912161806
347.0,0.0013411732406220021
347.3333333333333,0.0020390611091536137
347.66666666666663,0.0016536234951710443
348.0,0.0023555015216005764
348.3333333333333,0.003155546103803674
348.66666666666663,0.003063415755942412
349.0,0.002259182005810777
349.3333333333333,0.0005530291191157982
349.66666666666663,0.0021940228533261007
350.0,0.0014364400859517114
350.3333333333333,0.0041232589695008
350.66666666666663,0.0035072186207030995
351.0,0.001889044941618086
351.3333333333333,0.0026423008416753225
351.66666666666663,0.000621747270339988
352.0,0.0012649194767007398
352.3333333333333,0.0011047709082459087
352.66666666666663,0.002780780581605811
353.0,0.0032331817262279193
353.3333333333333,0.002420783233390531
353.66666666666663,0.000699184345276313
354.0,0.00370833092451341
354.3333333333333,0.001906962938396294
354.66666666666663,0.0009962259548314245
355.0,0.001409063057706086
355.3333333333333,0.0032272330475027187
355.66666666666663,0.0036875414220533744
356.0,0.0018090153764895615
356.3333333333333,0.0015932446607126987
356.66666666666663,0.0024824653591256694
357.0,0.0018681399867516162
357.3333333333333,0.003034421822113645
357.66666666666663,0.002061270251813379
358.0,0.0023972546607698535
358.3333333333333,0.001463754918899719
358.66666666666663,0.0009486443182187667
359.0,0.0005057975282000808
359.3333333333333,0.004335960296131583
359.66666666666663,0.0016287960646972984
360.0,0.004949173530901403
360.3333333333333,0.0019078042676565644
360.66666666666663,0.0010892270491126527
361.0,0.0012546213526098936
361.3333333333333,0.0010142896266416557
361.66666666666663,0.001307258946705409
362.0,0.003325138978957338
362.3333333333333,0.0026090072192664886
362.66666666666663,0.0002504575523562976
363.0,0.0026934544914803487
363.3333333333333,0.0034159831237682036
363.66666666666663,0.001934296170994739
364.0,0.0010776483089189198
364.3333333333333,0.002436806452814576
364.66666666666663,0.002019311570140167
365.0,0.0021081520703367367
365.3333333333333,0.002444331521272436
365.66666666666663,0.003629862939431071
366.0,0.0019243889507077037
366.3333333333333,0.0016188607593235617
366.66666666666663,0.002132715723213058
367.0,0.003510534636628618
367.3333333333333,0.0010711293784609773
367.66666666666663,0.0024748717962566925
368.0,0.0019436150770634304
368.3333333333333,0.0013292270870012353
368.66666666666663,0.0014908583125530302
369.0,0.0018643510554305419
369.3333333333333,0.0016840187850038874
369.66666666666663,0.0020514759221486297
370.0,0.0018245589293504672
370.3333333333333,0.002412533045421625
370.66666666666663,0.004010997027107917
371.0,0.0009552152540196338
371.3333333333333,0.001140001289801671
371.66666666666663,0.0006737535405992205
372.0,0.0028707783496064072
372.3333333333333,0.0001634209402789407
372.66666666666663,0.001592372800069758
373.0,0.0036434720210792174
373.3333333333333,0.000722759662021148
373.66666666666663,0.0018496865576321923
374.0,0.0007166524240900474
374.3333333333333,0.0012296482643995128
374.66666666666663,0.001489924585563175
375.0,0.002273433020361417
375.3333333333333,0.002211380695207858
375.66666666666663,0.0017810609405711046
376.0,0.003823678347951771
376.3333333333333,0.002549231042266417
376.66666666666663,0.0004078688280747574
377.0,0.001240687586369847
377.3333333333333,0.0017551611177101883
377.66666666666663,0.0029709007824057715
378.0,0.0011439334419997972
378.3333333333333,0.002735389866698344
378.66666666666663,0.0025050545605334673
379.0,0.0009563451924832014
379.3333333333333,0.001394901180755226
379.66666666666663,0.0019477078920740198
380.0,0.003208526544814839
380.3333333333333,0.0015086025519032672
380.66666666666663,0.00043396267491945775
381.0,0.0016423580342595108
381.3333333333333,0.0025111954700820257
381.66666666666663,0.0029800856603864013
382.0,0.002513149607048971
382.3333333333333,0.00022813223421186323
382.66666666666663,0.0024765959679050025
383.0,0.0018012139565713704
383.3333333333333,0.0025354497447773374
383.66666666666663,0.001480081874901924
384.0,0.0015755798190826506
384.3333333333333,0.0010168565265413917
384.66666666666663,0.0020090138231049653
385.0,0.0036825588292901655
385.3333333333333,0.0023539094075278742
385.66666666666663,0.001207317333807295
386.0,0.0024068370731106545
386.3333333333333,0.0017914117135252607
386.66666666666663,0.002271386134532597
387.0,0.0015554650116543346
387.3333333333333,0.002359374235044793
387.66666666666663,0.0020832392685573744
388.0,0.0015623997972351244
388.3333333333333,0.002950029834204143
388.66666666666663,0.0007205399856154146
389.0,0.0031897248700712044
389.3333333333333,0.001234885153090308
389.66666666666663,0.0011652656276391767
390.0,0.00010402187356936997
390.3333333333333,0.0029036840583012576
390.66666666666663,0.002001998333700587
391.0,0.00230868761922986
391.3333333333333,0.0023140508759535057
391.66666666666663,0.0020852217754372014
392.0,0.0008304461912394162
392.3333333333333,0.0036246179153393674
392.66666666666663,0.003288577187085798
393.0,0.002016367107614011
393.3333333333333,0.0006685479402705224
393.66666666666663,0.0017844632828872648
394.0,0.001877011770392001
394.3333333333333,0.0015399914696818835
394.66666666666663,0.0034137534646168574
395.0,0.002019200581118241
395.3333333333333,0.001381718754974852
395.66666666666663,0.0008996161699384711
396.0,0.00163311321987406
396.3333333333333,0.0038338854185254886
396.66666666666663,0.0019291383558912249
397.0,0.0021182791683686895
397.3333333333333,0.003221429622349917
397.66666666666663,0.001707781123044425
398.0,0.001342198212168852
398.3333333333333,0.001092403938715372
398.66666666666663,0.003989375955711988
399.0,0.003413277088439466
399.3333333333333,0.002747479955813828
399.66666666666663,0.00026477869906469607
400.0,0.0016687921961206248
400.3333333333333,0.0021565351665165035
400.66666666666663,0.0028341082999883507
401.0,0.003028884337738067
401.3333333333333,0.0015157581877574865
401.66666666666663,0.003395707296934439
402.0,0.0022676751845188826
402.3333333333333,0.0016036315763222704
402.66666666666663,0.001492734634949739
403.0,0.0011101880493482443
403.3333333333333,0.004342932349007759
403.66666666666663,0.0029069705096236827
404.0,0.0011820154879046694
404.3333333333333,0.0010993733523037793
404.66666666666663,0.00300196567518449
405.0,0.0010423171643892228
405.3333333333333,0.0023830750291324435
405.66666666666663,0.002360199661024164
406.0,0.0029543761339131283
406.3333333333333,0.002770300884305868
406.66666666666663,0.00010752812371000912
407.0,0.001215740532536621
407.3333333333333,0.002779658085579753
407.66666666666663,0.0030479748016571523
408.0,0.001646804804700557
408.3333333333333,0.0006873292976232827
408.66666666666663,0.0020968891836203106
409.0,0.00020870602546318027
409.3333333333333,0.0023518315892334506
409.66666666666663,0.0030874471780908287
410.0,0.0006974129486296035
410.3333333333333,0.001809851253963316
410.66666666666663,0.0021458033958460577
411.0,0.0005699942909417502
411.3333333333333,0.000823236875127768
411.66666666666663,0.0022633507657768242
412.0,0.002024750944910877
412.3333333333333,0.0007305828552060139
412.66666666666663,0.0026658492720111576
413.0,0.0017324164009971932
413.3333333333333,0.0010372391472853683
413.66666666666663,0.0019731034373128256
414.0,0.0022565402318074222
414.3333333333333,0.002434563933638095
414.66666666666663,0.0018771609960954285
415.0,0.0017326952657544124
415.3333333333333,0.0021615800834298617
415.66666666666663,0.0005014485328210639
416.0,0.0015012628142137248
416.3333333333333,0.0015527536764626915
416.66666666666663,0.002337570031718076
417.0,0.001476051635635206
417.3333333333333,0.001969908292751788
417.66666666666663,0.002416481428338028
418.0,0.001874616920413089
418.3333333333333,0.0014625827181583679
418.66666666666663,0.003492905887479274
419.0,0.0011241304020064551
419.3333333333333,0.00033950137084082693
419.66666666666663,0.003358882823040039
420.0,0.0021249573583848715
420.3333333333333,0.0029391148980676554
420.66666666666663,0.000872955929253914
421.0,0.0022494127082393106
421.3333333333333,0.002007262750393434
421.66666666666663,0.0011874879510937492
422.0,0.0007498576508043285
422.3333333333333,0.002762489204497954
422.66666666666663,0.002676317053149512
423.0,0.002769177314984022
423.3333333333333,0.0017082084468802842
423.66666666666663,0.002415675813074487
424.0,0.0015876060157386058
424.3333333333333,0.0024010310087519905
424.66666666666663,0.002729678796735632
425.0,0.0016869466831168662
425.3333333333333,0.003299041662751006
425.66666666666663,0.0015376704459098322
426.0,0.0016048589792632937
426.3333333333333,0.0031385483527384913
426.66666666666663,0.000431916948145966
427.0,0.003331254156502926
427.3333333333333,0.004370857902273427
427.66666666666663,0.000758744306670784
428.0,0.0012589664670372847
428.3333333333333,0.0015572109441277533
428.66666666666663,0.0034823552143569813
429.0,0.0015291047607592326
429.3333333333333,0.0024644019731400488
429.66666666666663,0.000661204330029144
430.0,0.0024359667124683373
430.3333333333333,0.0002868513562243582
430.66666666666663,0.0016324407089950046
431.0,0.00012813379276828754
431.3333333333333,0.0031772158419750987
431.66666666666663,0.0029255525441379154
432.0,0.0009656147939611063
432.3333333333333,0.0008728464837138348
432.66666666666663,0.0011562416700899066
433.0,0.0020125789734517104
433.3333333333333,0.001983472640388178
433.66666666666663,0.002636863969070194
434.0,0.002767330215838921
434.3333333333333,0.0022583862477524898
434.66666666666663,0.0012769548653986042
435.0,0.0016644407888619921
435.3333333333333,0.002125117820785211
435.66666666666663,0.0018744571249497276
436.0,0.0001549034078360637
436.3333333333333,0.0023323679874386063
436.66666666666663,0.0027886515994379603
437.0,0.0025952258469878566
437.3333333333333,0.00077651544020923
437.66666666666663,0.0028762664627852382
438.0,0.0032993326014460395
438.3333333333333,0.002417526670072429
438.66666666666663,0.002920047298541436
439.0,0.0028152820628939723
439.3333333333333,0.0032376934361359805
439.66666666666663,0.002268948430414254
440.0,0.0018230968063910886
440.3333333333333,0.0014989439036798581
440.66666666666663,0.0008307806757906688
441.0,0.0017202785893835905
441.3333333333333,0.0012640356570564515
441.66666666666663,0.0029370402744133043
442.0,0.0008634298596794849
442.3333333333333,0.0017968437407285915
442.66666666666663,0.0022561688316742865
443.0,0.0018768953089991869
443.3333333333333,0.000551050818887503
443.66666666666663,0.0017993842523486585
444.0,0.0015574112993040456
444.3333333333333,0.0010576462170430077
444.66666666666663,0.002260364922320562
445.0,0.002771278329658336
445.3333333333333,0.0014882606912265004
445.66666666666663,0.002404380939122196
446.0,0.0016916440776423884
446.3333333333333,0.0015471463847651892
446.66666666666663,0.0025714461643126358
447.0,0.001464522907341525
447.3333333333333,0.002525925330269532
447.66666666666663,0.0018365425108779648
448.0,0.0028887318076282987
448.3333333333333,0.0026952287881455757
448.66666666666663,0.0022929454438391753
449.0,0.0021842793147422808
449.3333333333333,0.0004819199022482619
449.66666666666663,0.0022872204779307726
450.0,0.0035491313538601687
450.3333333333333,0.0009384747135731231
450.66666666666663,0.001349468908966064
451.0,0.00042451739751714454
451.3333333333333,0.002316306182507315
451.66666666666663,0.002741484861641431
452.0,0.0020880486823081816
452.3333333333333,0.000866479346789071
452.66666666666663,0.0009122209927226492
453.0,0.001055419966804891
453.3333333333333,0.002980209333085199
453.66666666666663,0.002101035681230378
454.0,0.0007303567728641286
454.3333333333333,0.002884991632193147
454.66666666666663,0.0007813193741261797
455.0,0.0021909735547126817
455.3333333333333,0.0032053347339992197
455.66666666666663,0.0016425610787165652
456.0,0.003769465216541232
456.3333333333333,0.0020250200448827817
456.66666666666663,0.0026741279302281954
457.0,0.0014814464205813768
457.3333333333333,0.0018796353187759752
457.66666666666663,0.0027828160867438057
458.0,0.00216108656773171
458.3333333333333,0.0034482960762258394
458.66666666666663,0.0028578450395485566
459.0,0.0011058135999583638
459.3333333333333,0.0017496120211603376
459.66666666666663,0.0021012189891098207
460.0,0.0024582112805701145
460.3333333333333,0.0023663525867793824
460.66666666666663,0.00459161372906479
461.0,0.0012025020917924782
461.3333333333333,0.0021462232457278786
461.66666666666663,0.0014799086898225346
462.0,0.002491337143921018
462.3333333333333,0.0026379555183505825
462.66666666666663,0.0037424177576247386
463.0,0.0013287272256882253
463.3333333333333,0.0009116344097536948
463.66666666666663,0.0027891865891276697
464.0,0.0024373998556246105
464.3333333333333,0.0003667067637055068
464.66666666666663,0.0015423132013585284
465.0,0.0002899918008823804
465.3333333333333,0.0015036501983218401
465.66666666666663,0.0027180048017443888
466.0,0.0008999245937600927
466.3333333333333,0.0026693895739419546
466.66666666666663,0.001906729027973836
467.0,0.001613785006698971
467.3333333333333,0.0012955069092170188
467.66666666666663,0.0022565266515154124
468.0,0.00168252833035672
468.3333333333333,0.0016672036530733965
468.66666666666663,0.0012532887782412303
469.0,0.001250022823189981
469.3333333333333,0.002815878867485699
469.66666666666663,0.0028173621848657003
470.0,0.002131783002631058
470.3333333333333,0.002004065149244606
470.66666666666663,0.00015259479162118794
471.0,0.003583121843028271
471.3333333333333,0.0014963909949504764
471.66666666666663,0.0006663204558960924
472.0,0.0017342106292004395
472.3333333333333,0.00297588817343324
472.66666666666663,0.0017289750869051003
473.0,0.0013293390180965424
473.3333333333333,0.001951487309105587
473.66666666666663,0.002809488333173512
474.0,0.0011908860310355064
474.3333333333333,0.0022838585693375052
474.66666666666663,0.0018745011960450402
475.0,0.0010854187000409457
475.3333333333333,0.000921795017182413
475.66666666666663,0.003013108016283662
476.0,0.0020213223631795835
476.3333333333333,0.001662406608568971
476.66666666666663,0.0009110851861733505
477.0,0.0011815870155187902
477.3333333333333,0.0008736815303191009
477.66666666666663,0.002998080846437955
478.0,0.002474098503404598
478.3333333333333,0.0018124886832672949
478.66666666666663,0.0014789708361347767
479.0,0.00222409912878034
479.3333333333333,0.0024427675412901527
479.66666666666663,0.00026900207929057433
480.0,0.001022507209984049
480.3333333333333,0.002462751584711542
480.66666666666663,0.0018055538572077673
481.0,0.0028454261085148983
481.3333333333333,0.002091636480615607
481.66666666666663,0.002773817583998106
482.0,0.0010996787697083615
482.3333333333333,0.0009895631737028756
482.66666666666663,0.0015207061854395174
483.0,0.0006723792358448214
483.3333333333333,0.003520775256671388
483.66666666666663,0.0022502643223194685
484.0,0.0013916934711294794
484.3333333333333,0.0008666800629826589
484.66666666666663,0.00132675974917305
485.0,0.002800171338454076
485.3333333333333,0.0028859042616332657
485.66666666666663,0.0018956388605139004
486.0,0.00247505583389304
486.3333333333333,0.0006862148625187837
486.66666666666663,0.0026406399648219343
487.0,0.0013840575546253788
487.3333333333333,0.0008261420410854265
487.66666666666663,0.002031349482943672
488.0,0.0017239985025166102
488.3333333333333,0.0018979002976987366
488.66666666666663,0.0010017761232199297
489.0,0.001396774464284698
489.3333333333333,0.0003852736088244966
489.66666666666663,0.0014178272547295282
490.0,0.0013998152237269452
490.3333333333333,0.002895087613167089
490.66666666666663,0.0008198536473389728
491.0,0.0022037234423584544
491.3333333333333,0.0007987905996741497
491.66666666666663,0.0029624606061437846
492.0,0.002661241257837828
492.3333333333333,0.002260078518838363
492.66666666666663,0.0020326725517053846
493.0,0.0019347569402634829
493.3333333333333,0.0014457654438873307
493.66666666666663,0.0028912548011169673
494.0,0.002810088859897976
494.3333333333333,0.0017708419843775003
494.66666666666663,0.0019844760496573726
495.0,0.002422717870719295
495.3333333333333,0.0003910926748386969
495.66666666666663,0.0017841417362764417
496.0,0.0009289431122349509
496.3333333333333,0.0017651605774385132
496.66666666666663,0.0017667887836639023
497.0,0.0028886151460011684
497.3333333333333,0.0019200572193838895
497.66666666666663,0.0023749725550025074
498.0,0.002209671144907636
498.3333333333333,0.0001736509954821844
498.66666666666663,0.00282842977555725
499.0,0.0018914634512232082
499.3333333333333,0.0013328614839344687
499.66666666666663,0.003931539595492543
